<?xml version="1.0" encoding="UTF-8"?>
<objects serializationModel="Studio.01.10.00">
    <object class="AudioFile" id="{25d4e04f-806e-4c29-9a46-a156f5a29177}">
        <property name="assetPath">
            <value>54987__manda-g__owls (1).wav</value>
        </property>
        <property name="frequencyInKHz">
            <value>22.0499992</value>
        </property>
        <property name="channelCount">
            <value>1</value>
        </property>
        <property name="length">
            <value>25.326349206349207</value>
        </property>
        <relationship name="masterAssetFolder">
            <destination>{c895a100-9fb0-468d-9ae8-a847aa332262}</destination>
        </relationship>
    </object>
</objects>
