<?xml version="1.0" encoding="UTF-8"?>
<objects serializationModel="Studio.01.10.00">
    <object class="AudioFile" id="{e43482c4-a52a-48c9-90c0-5e5baca6a13f}">
        <property name="assetPath">
            <value>switch dial.wav</value>
        </property>
        <property name="frequencyInKHz">
            <value>44.0999985</value>
        </property>
        <property name="channelCount">
            <value>2</value>
        </property>
        <property name="length">
            <value>0.58349206349206351</value>
        </property>
        <relationship name="masterAssetFolder">
            <destination>{c895a100-9fb0-468d-9ae8-a847aa332262}</destination>
        </relationship>
    </object>
</objects>
